MonthlyIncome,TotalWorkingYears,YearsAtCompany,YearsInCurrentRole,YearsWithCurrManager,Age,OverTime,DistanceFromHome,StockOptionLevel,JobLevel,JobRole,WorkLifeBalance,Gender,Attrition
5993,8,6,4,5,41,1,1,0,2,7,1,0,1
5130,10,10,7,7,49,0,8,1,2,6,3,1,0
2090,7,0,0,0,37,1,2,0,1,2,3,1,1
2909,8,8,7,0,33,1,3,0,1,6,3,0,0
3468,6,2,2,2,27,0,2,1,1,2,3,1,0
3068,8,7,7,6,32,0,2,0,1,2,2,1,0
2670,12,1,0,0,59,1,3,3,1,2,2,0,0
2693,1,1,0,0,30,0,24,1,1,2,3,1,0
9526,10,9,7,8,38,0,23,0,3,4,3,1,0
5237,17,7,7,7,36,0,27,2,2,0,2,1,0
2426,6,5,4,3,35,0,16,1,1,2,3,1,0
4193,10,9,5,8,29,1,15,0,2,2,3,0,0
2911,5,5,2,3,31,0,26,1,1,6,2,1,0
2661,3,2,2,2,34,0,19,1,1,2,3,1,0
2028,6,4,2,3,28,1,24,0,1,2,3,1,1
9980,10,10,9,8,29,0,21,1,3,4,3,0,0
3298,7,6,2,5,32,1,5,2,1,6,2,1,0
2935,1,1,0,0,22,1,16,2,1,2,2,1,0
15427,31,25,8,7,53,0,2,0,4,3,3,0,0
3944,6,3,2,2,38,1,2,0,1,6,3,1,0
4011,5,4,2,3,24,0,11,1,2,4,2,0,0
3407,10,5,3,3,36,0,9,0,1,8,3,1,1
11994,13,12,6,11,34,0,7,0,3,5,3,0,0
1232,0,0,0,0,21,0,15,0,1,6,3,1,0
2960,8,4,2,3,34,0,6,0,1,6,3,1,1
19094,26,14,13,8,53,0,5,1,5,3,2,0,0
3919,10,10,2,7,32,1,16,0,1,6,3,0,1
6825,10,9,7,2,42,0,8,1,2,7,3,1,0
10248,24,22,6,17,44,0,7,1,3,0,3,0,0
18947,22,2,2,1,46,0,2,0,5,3,2,0,0
2496,7,1,1,0,33,0,2,0,1,2,3,1,0
6465,9,4,2,3,44,1,10,0,2,0,4,1,0
2206,10,10,0,8,30,0,9,0,1,2,3,1,0
2086,19,1,0,0,39,0,5,1,2,8,4,1,1
2293,6,2,0,0,24,1,1,1,1,6,2,1,1
2645,6,5,3,4,43,0,2,2,1,6,2,0,0
2683,3,3,2,2,50,1,3,0,1,8,3,1,1
2014,2,2,2,2,35,0,2,0,1,8,3,0,0
3419,6,1,1,0,36,1,5,1,1,6,4,0,0
5376,10,5,3,3,33,0,1,2,2,7,3,0,0
1951,1,1,0,0,35,0,4,1,1,2,3,1,0
2341,1,1,0,0,27,0,2,1,1,2,3,0,0
2293,1,1,0,1,26,0,25,0,1,2,2,1,1
8726,9,9,8,7,27,0,8,0,3,7,3,1,0
4011,12,12,8,7,30,0,1,0,2,2,3,0,0
19545,23,22,15,8,41,0,12,0,5,5,3,0,1
4568,10,9,5,7,34,0,23,0,2,7,3,1,0
3022,8,1,0,0,37,0,19,0,1,6,3,1,0
5772,14,9,6,8,46,1,5,0,2,7,3,1,0
2269,1,1,0,1,35,0,8,0,1,2,3,1,0
5381,23,1,0,0,48,1,1,0,3,2,3,1,1
3441,2,2,2,2,28,1,5,0,1,2,2,1,1
5454,9,4,3,3,44,1,1,1,2,7,2,0,0
9884,10,4,0,3,35,1,11,1,3,0,3,1,0
4157,5,2,2,0,26,1,23,1,2,7,2,0,0
13458,15,15,14,12,33,1,1,0,3,5,3,0,0
9069,9,9,8,8,35,0,18,1,3,7,2,1,0
4014,4,2,2,2,35,1,23,1,1,2,3,0,0
5915,10,7,7,7,31,0,7,1,2,2,2,1,0
5993,7,7,5,7,37,0,1,1,2,4,4,1,0
6162,9,9,8,8,32,1,1,1,2,4,3,1,0
2406,10,10,3,9,38,0,29,0,2,2,3,0,0
18740,29,27,3,8,50,1,7,1,5,5,2,0,0
7637,28,21,16,9,59,0,25,0,3,7,2,0,0
10096,17,17,14,8,36,0,8,3,3,0,3,0,0
14756,21,5,0,2,55,1,8,3,4,3,3,0,0
6499,6,6,5,3,36,0,11,0,2,4,3,1,0
9724,25,1,0,0,45,0,7,1,3,6,3,1,0
2194,5,3,2,2,35,0,1,1,1,6,2,1,0
3388,2,1,0,0,36,1,9,1,1,6,2,1,1
5473,20,4,3,3,59,0,1,0,2,7,2,0,0
2703,6,5,4,4,29,0,2,1,1,6,3,1,0
2501,1,1,1,0,31,0,1,0,1,6,3,1,0
6220,10,10,4,9,32,0,1,2,2,6,3,1,0
3038,5,1,0,0,36,0,6,0,1,2,3,0,0
4424,11,11,7,8,31,0,8,0,2,4,3,0,0
4312,16,15,13,8,35,0,1,0,2,7,3,1,0
13245,17,0,0,0,45,1,6,0,3,5,4,1,0
13664,16,5,2,2,37,0,7,0,3,5,4,1,0
5021,16,4,2,2,46,1,5,1,2,1,3,1,0
5126,10,10,8,0,30,1,1,2,2,2,2,1,0
2859,6,6,4,4,35,0,1,0,1,6,3,1,0
10239,24,1,0,0,55,0,1,1,3,7,3,1,0
5329,17,13,11,9,38,1,6,3,2,6,3,0,0
4325,5,5,2,3,34,0,1,0,2,4,3,1,0
7260,37,6,4,2,56,0,7,0,3,4,2,1,0
2322,3,0,0,0,23,0,2,1,1,8,3,1,0
2075,10,4,2,3,51,0,9,2,1,2,3,1,0
4152,11,11,10,8,30,0,2,3,2,0,3,1,0
9619,9,9,8,7,46,0,9,0,3,7,3,1,1
13503,22,22,3,11,40,0,1,1,4,0,2,1,0
5441,11,10,7,0,51,1,21,0,2,7,1,1,0
5209,11,11,8,7,30,1,4,3,2,7,2,0,0
10673,21,10,9,5,46,1,1,1,3,0,2,1,0
5010,12,11,8,7,32,0,6,0,2,7,3,1,0
13549,16,4,3,3,54,0,2,1,3,5,1,0,0
4999,4,3,2,2,24,0,3,1,2,7,2,0,0
4221,5,5,4,4,28,0,4,0,2,7,4,1,0
13872,38,37,10,8,58,0,10,0,4,7,2,1,0
2042,17,3,2,2,44,0,23,1,2,2,4,1,0
2073,7,3,2,2,37,1,6,0,1,1,3,1,1
2956,1,1,0,0,32,0,1,0,1,6,3,1,0
2926,1,1,0,0,20,1,6,0,1,2,3,0,1
4809,16,16,13,10,34,0,6,0,2,6,3,0,0
5163,17,1,0,0,37,0,2,1,2,0,4,1,0
18844,30,3,2,2,59,0,2,1,5,3,3,0,0
18172,28,8,3,7,50,1,1,0,5,5,2,0,0
5744,6,6,4,3,25,1,5,0,2,7,3,1,1
2889,2,2,2,1,25,0,7,2,1,6,3,1,0
2871,1,0,0,0,22,0,15,0,1,2,3,0,0
7484,23,13,12,8,51,0,1,0,3,0,2,0,0
6074,9,9,7,6,34,1,7,0,2,2,3,1,1
17328,23,5,3,4,54,1,26,0,4,3,3,0,0
2774,6,5,3,2,24,0,18,1,1,2,3,1,0
4505,12,1,0,0,34,0,6,1,2,6,3,0,0
7428,12,5,3,3,37,0,3,0,3,7,3,1,0
11631,14,11,10,8,34,0,5,0,3,3,3,0,0
9738,10,9,7,8,36,0,11,1,3,7,3,0,0
2835,7,1,0,0,36,0,3,1,1,2,3,0,0
16959,25,25,12,12,43,1,26,2,4,3,4,1,0
2613,10,10,7,9,30,0,23,3,1,6,2,1,0
6146,8,7,7,7,33,0,22,1,2,7,4,1,0
4963,7,5,4,3,56,1,14,3,1,6,3,0,1
19537,23,20,18,15,51,0,6,0,5,5,3,1,0
6172,12,7,7,7,31,1,6,0,2,7,2,1,1
2368,5,5,4,3,26,0,6,0,1,6,2,0,0
10312,40,40,10,6,58,0,23,1,3,0,2,0,1
1675,0,0,0,0,19,1,22,0,1,8,2,1,1
2523,3,2,1,1,22,0,2,1,1,2,3,1,0
6567,16,15,11,11,49,0,20,0,2,4,2,0,0
4739,18,3,2,2,43,0,28,0,1,6,3,0,0
9208,16,2,2,1,50,0,12,0,3,7,3,0,0
4559,4,2,2,2,31,1,20,1,2,7,3,0,1
8189,12,9,7,7,41,1,9,1,3,7,3,1,0
2942,8,8,7,7,26,0,25,1,1,1,3,0,0
4941,7,3,2,1,36,0,6,2,2,4,3,1,0
10650,18,4,2,3,51,0,8,0,3,4,3,1,1
5902,17,15,11,9,39,0,4,1,2,7,4,0,0
8639,6,2,2,2,25,0,28,0,2,7,3,1,0
6347,12,11,9,7,30,1,9,0,2,1,1,1,0
4200,10,5,4,4,32,0,9,0,1,2,4,0,1
3452,9,6,5,3,45,0,29,0,1,6,2,1,0
4317,19,3,2,2,38,1,3,0,2,6,3,0,0
2632,5,5,4,4,30,0,18,0,1,6,2,0,0
4668,9,8,7,7,32,0,9,3,2,7,4,1,0
3204,8,3,2,2,30,0,5,1,1,6,3,0,0
2720,6,5,3,2,30,0,2,0,1,2,3,1,0
17181,21,7,6,7,41,0,10,1,4,3,2,1,0
2238,7,5,0,4,41,0,9,1,1,2,3,1,0
1483,1,1,0,0,19,0,3,0,1,2,3,0,0
5605,20,20,7,13,40,0,26,1,2,6,3,0,0
7295,10,10,8,6,35,0,1,2,3,7,3,1,0
2306,13,7,7,5,53,1,6,1,2,8,1,1,0
2348,20,17,9,15,45,0,9,1,2,2,1,1,0
8998,9,9,8,7,32,0,8,0,3,7,3,0,0
4319,10,10,7,9,29,0,1,1,2,4,3,1,0
6132,10,1,0,0,51,0,7,0,2,4,3,1,0
3346,9,1,0,0,58,1,9,1,1,6,2,0,0
10855,15,12,11,11,40,0,4,1,3,7,2,1,0
2231,6,4,3,2,34,0,2,1,1,8,3,0,0
2323,2,2,2,2,22,0,19,2,1,6,3,1,0
2024,6,2,2,2,27,0,9,1,1,6,1,1,0
2713,5,5,2,2,28,0,21,1,1,6,1,1,0
9439,12,5,3,4,57,1,24,1,3,0,1,1,0
2566,1,1,1,1,27,1,3,1,1,6,2,1,0
19926,21,5,4,4,50,0,11,0,5,3,3,0,0
2451,13,9,8,8,41,0,14,1,1,6,3,1,0
9419,12,10,9,4,30,0,5,1,3,7,3,0,0
8686,12,8,3,7,38,0,1,0,2,7,4,0,0
3038,8,5,4,4,32,0,6,0,1,6,3,1,0
3058,6,5,2,1,27,1,17,1,1,6,2,1,0
2325,1,0,0,0,19,0,1,0,1,8,4,0,1
2088,13,8,7,2,36,0,3,0,1,2,2,1,0
3072,12,12,9,10,30,0,9,2,2,2,3,1,0
5006,9,5,4,3,45,1,4,1,2,7,4,0,0
4257,19,2,2,2,56,1,8,1,1,6,3,0,0
2500,4,3,1,2,33,0,2,0,1,6,4,1,0
1102,1,1,0,0,19,0,2,0,1,2,2,1,1
10453,24,24,13,7,46,0,1,3,3,7,3,0,0
2288,2,2,2,1,38,0,9,0,1,2,3,0,0
3929,7,4,2,2,31,1,12,1,1,6,3,0,0
2311,9,3,2,2,34,0,27,0,1,6,3,0,0
3140,4,4,3,2,41,1,20,0,1,8,2,0,1
3690,5,3,2,2,50,0,1,1,1,2,2,1,0
4450,5,4,2,3,53,0,13,2,2,4,3,0,0
2756,8,8,7,6,33,0,14,1,1,6,3,0,0
19033,21,20,8,9,40,0,4,1,5,3,3,0,0
18722,36,24,15,15,55,0,14,0,5,5,3,1,0
9547,10,10,9,9,34,0,2,0,2,4,2,1,0
13734,21,7,7,0,51,0,3,0,4,0,3,0,0
19999,34,33,18,9,52,0,1,1,5,3,3,1,0
2279,7,7,7,3,27,0,9,0,1,6,2,0,0
5916,8,1,0,1,35,1,23,0,2,4,3,1,1
2089,7,5,4,2,43,0,7,3,1,6,4,1,0
16792,22,20,8,8,45,0,2,1,4,3,3,1,0
3564,8,8,7,7,37,1,21,1,1,6,2,1,0
4425,10,6,2,2,35,0,2,0,2,2,3,0,0
5265,11,5,3,2,42,0,21,1,2,4,3,0,0
6553,14,1,0,0,38,0,2,0,2,4,3,1,0
6261,9,7,7,7,38,0,29,1,2,4,1,1,0
4298,6,2,2,0,27,0,1,1,2,4,3,1,0
6804,7,7,7,7,49,1,18,2,2,4,3,1,0
3815,5,5,3,0,34,1,10,1,1,6,4,1,0
2741,15,7,2,7,40,1,19,1,2,2,4,1,0
6673,17,1,0,0,38,1,29,0,2,0,3,1,1
7639,10,10,4,9,29,0,27,3,3,7,2,0,1
2328,4,4,2,2,22,1,5,1,1,6,2,1,0
2153,8,8,1,7,36,0,18,0,1,2,3,0,0
4876,5,3,2,2,40,0,9,1,2,0,1,1,0
9396,17,4,2,3,46,0,1,1,3,0,3,1,0
10400,14,14,8,8,32,0,4,0,3,7,2,1,1
8474,12,11,8,8,30,0,1,0,3,4,3,1,0
9981,7,7,7,7,27,0,20,0,2,7,3,0,0
12490,16,10,9,7,51,0,8,2,3,5,1,1,0
2657,8,5,2,4,30,1,3,0,1,6,3,0,1
13591,16,1,0,0,41,1,6,0,3,3,3,0,0
6696,9,6,3,1,30,0,26,0,2,7,2,0,1
2058,7,6,2,5,29,0,1,0,1,6,2,1,1
8865,23,19,7,8,45,0,6,0,3,7,3,0,0
5940,16,6,2,5,54,0,3,1,2,7,3,0,0
5914,16,13,11,7,36,0,5,0,2,2,4,1,0
2622,7,3,2,1,33,0,4,0,1,6,3,0,0
12185,10,10,8,7,37,1,11,3,3,5,3,1,0
10609,17,16,10,13,38,0,3,2,3,7,2,1,0
4345,6,5,4,4,31,0,1,1,2,4,3,1,0
2177,7,1,0,0,59,0,3,1,1,6,3,1,0
2793,13,9,8,8,37,0,4,1,1,8,3,1,0
7918,11,11,10,1,29,0,1,1,3,7,3,0,0
8789,10,10,7,8,35,0,1,0,3,7,4,0,0
2389,4,4,3,1,29,1,18,0,1,6,2,1,1
3212,6,2,2,2,52,0,2,0,1,2,2,0,0
19232,22,22,17,15,42,0,4,0,5,3,3,1,0
2267,7,2,2,2,59,0,6,0,1,1,2,1,0
19517,32,7,0,6,50,0,1,1,5,3,2,0,0
2436,8,5,4,4,33,1,14,1,1,2,1,1,1
16064,22,17,13,9,43,1,16,1,4,3,3,0,0
2707,13,9,7,7,33,0,2,0,1,2,4,0,1
19068,33,33,7,12,52,1,2,0,5,3,4,1,0
3931,6,4,3,2,32,0,4,1,1,8,3,0,0
3730,4,3,2,2,32,1,1,0,1,2,1,1,1
2232,7,3,2,2,39,0,1,3,1,2,3,0,0
4465,4,3,2,2,32,0,26,0,2,7,3,1,0
3072,17,1,0,0,41,0,19,2,2,6,2,1,0
3319,9,9,8,7,40,0,24,2,2,6,3,1,0
19202,25,24,0,7,45,0,1,1,5,3,3,1,0
13675,9,2,2,2,31,0,3,1,3,5,3,1,0
2911,2,2,2,2,33,0,5,1,1,6,2,0,0
5957,13,11,9,9,34,0,2,1,2,4,3,1,0
3920,17,3,1,2,37,0,1,1,1,6,2,0,0
6434,9,3,2,2,45,0,7,1,2,4,3,1,0
10048,17,1,0,0,37,0,10,2,3,4,3,1,1
10938,20,19,6,8,39,0,2,0,3,0,3,0,0
2340,6,6,5,5,29,0,15,0,1,6,3,1,0
6545,10,3,2,2,42,1,17,0,2,6,3,0,0
6931,10,3,2,2,29,0,20,1,2,7,3,1,0
4898,5,4,2,2,25,0,1,2,2,4,3,0,0
2593,10,9,6,8,42,1,2,1,1,2,3,0,0
19436,22,21,7,9,40,0,2,1,5,5,3,1,0
2723,1,1,0,0,51,0,1,0,1,6,2,1,0
3479,6,5,4,4,31,0,29,0,1,2,4,1,1
2794,5,5,1,3,32,0,7,0,1,2,1,1,0
5249,13,8,7,5,38,0,2,1,2,7,3,1,0
2176,9,6,2,4,32,0,2,0,2,2,3,1,0
16872,28,7,7,7,46,1,2,1,4,3,2,0,0
3485,5,0,0,0,28,0,2,0,1,2,1,1,1
6644,10,0,0,0,29,0,2,2,2,7,3,1,0
5582,10,9,0,8,31,0,23,1,2,0,3,1,0
4000,6,6,3,5,25,0,5,2,2,0,3,1,0
13496,21,20,7,10,45,1,20,0,4,0,3,1,0
3210,16,15,13,11,36,0,6,1,1,2,3,1,0
19045,37,36,10,13,55,1,1,0,5,3,3,1,0
11849,10,10,7,9,47,1,29,1,3,3,2,1,1
2070,5,5,2,4,28,0,9,1,1,6,2,1,0
6502,7,5,4,1,37,0,6,1,2,7,4,1,0
3230,3,3,2,0,21,0,3,0,1,6,4,1,0
13603,15,5,2,2,37,1,1,2,3,5,3,0,0
11996,10,7,7,2,35,0,22,1,3,3,2,0,0
5605,8,8,0,7,38,1,7,1,2,7,3,0,0
6397,6,6,5,4,26,0,1,1,2,4,1,0,0
19144,28,10,4,6,50,0,4,2,5,5,2,1,0
17584,21,5,3,3,53,1,3,3,4,5,2,1,0
4907,20,20,16,6,42,0,1,0,2,7,3,1,0
4554,10,10,7,9,29,0,2,0,2,7,2,1,0
5415,12,10,7,8,55,1,20,1,2,2,3,1,0
4741,5,5,3,3,26,1,11,1,2,0,3,1,0
2115,17,17,12,7,37,0,1,0,1,6,3,0,0
3161,19,1,0,0,44,1,24,1,1,2,1,1,1
5745,10,2,2,2,38,0,23,1,2,0,3,1,0
2373,5,3,2,2,26,1,16,1,1,2,3,1,1
3310,5,5,3,2,28,0,8,0,1,6,3,0,0
18665,22,3,2,2,49,1,10,0,5,5,3,0,0
4485,10,8,0,7,36,0,3,0,2,6,3,1,0
2789,2,2,2,2,31,0,5,1,1,8,2,0,0
5828,8,8,7,4,26,1,4,0,2,7,3,1,1
2326,4,4,2,2,37,1,9,3,1,6,2,1,0
13525,23,20,4,8,42,0,26,1,4,7,4,0,0
1420,0,0,0,0,18,0,3,0,1,2,3,1,1
8020,12,11,9,9,35,0,16,2,3,7,2,1,0
3688,4,1,0,0,36,0,18,2,1,2,3,1,0
5482,13,4,1,2,51,0,2,1,2,4,3,1,0
16015,22,22,10,4,41,0,2,0,4,3,3,1,0
1200,0,0,0,0,18,0,10,0,1,8,3,0,0
5661,9,8,3,7,28,0,16,0,2,0,3,1,0
6929,10,8,7,7,31,0,7,1,2,7,2,1,0
9613,19,18,10,7,39,0,1,3,3,0,2,1,0
5674,11,9,8,8,36,0,24,1,2,2,3,0,0
5484,13,13,8,8,32,0,7,1,2,7,2,1,0
12061,19,10,8,1,38,0,25,1,3,5,3,0,0
5660,12,5,3,2,58,1,1,1,2,0,3,1,0
4821,6,5,2,3,31,1,5,1,1,6,3,1,0
6410,9,2,2,0,31,0,2,0,2,1,3,1,0
5210,24,24,9,11,45,0,7,1,3,2,3,1,0
2695,3,2,2,2,31,1,2,1,1,6,1,1,0
11878,12,10,6,8,33,0,5,2,3,3,3,0,0
17068,21,21,9,10,39,1,10,0,4,3,3,1,0
2455,9,8,7,7,43,0,10,0,1,2,3,0,0
13964,25,7,1,7,49,1,1,0,4,0,3,0,0
4941,11,8,2,7,52,0,8,0,2,6,2,1,1
2478,4,4,3,2,27,1,5,0,1,6,2,0,0
5228,13,13,12,9,32,1,8,0,2,7,3,0,0
4478,5,5,4,4,27,1,2,0,2,7,3,1,0
7547,13,7,7,7,31,0,7,3,2,7,3,1,0
5055,10,7,7,7,32,0,2,0,2,6,2,0,0
3464,5,3,2,2,28,1,2,0,1,6,2,1,1
5775,11,10,8,9,30,0,28,2,2,6,3,0,0
8943,10,10,9,9,31,0,7,1,3,4,3,0,0
19272,21,21,9,3,39,0,7,1,5,3,3,1,0
5238,12,1,0,0,39,1,3,0,2,7,2,0,1
4682,9,7,7,1,33,0,10,0,2,7,2,1,0
18300,21,3,2,1,47,0,5,1,5,5,3,1,0
5257,9,9,7,0,43,0,10,1,2,2,4,0,0
6349,6,5,4,4,27,1,1,1,2,7,3,1,0
4869,20,4,3,3,54,0,20,0,2,6,2,0,0
9985,10,1,0,0,43,0,7,1,3,0,2,0,0
3697,12,10,9,8,45,0,8,2,2,6,3,1,0
7457,6,4,3,2,40,1,1,3,2,7,2,1,0
2119,7,7,7,7,29,1,8,0,1,2,2,1,1
3983,4,3,2,2,29,0,9,0,1,2,3,1,0
6118,10,10,9,2,30,0,5,3,2,7,3,0,0
6214,8,8,7,7,27,0,8,1,2,7,3,0,0
6347,8,6,2,4,37,0,5,2,2,4,2,1,0
11510,12,11,10,9,38,1,15,1,3,5,3,1,0
7143,11,11,9,10,31,1,7,0,3,4,2,0,0
8268,7,7,7,7,29,1,10,2,2,7,3,0,0
8095,17,16,6,13,35,0,5,0,3,4,3,1,0
2904,4,4,2,2,23,0,26,2,1,6,2,1,0
6032,8,5,4,2,41,1,6,0,2,4,3,1,0
2976,5,0,0,0,47,0,4,0,2,8,3,1,0
15992,16,1,0,0,42,0,23,0,4,5,3,0,0
4649,4,4,3,2,29,0,2,1,2,7,2,1,0
2696,4,3,2,0,42,1,2,1,1,1,3,1,0
2370,8,8,0,7,32,0,2,1,1,2,3,0,0
12504,15,0,0,0,48,0,29,1,3,3,1,0,0
5974,13,7,7,7,37,1,6,2,2,6,3,1,0
4736,4,2,2,2,30,1,25,1,2,7,4,0,0
5296,8,8,7,7,26,0,1,1,2,7,3,1,0
6781,14,1,0,0,42,0,2,0,2,0,3,1,0
2174,3,3,2,2,21,1,1,0,1,8,3,0,1
6653,7,1,0,0,36,0,1,0,2,7,3,0,0
9699,16,13,9,12,36,0,3,1,3,7,3,1,0
6755,15,3,2,2,57,0,1,0,2,0,3,1,0
2213,10,7,7,7,40,1,10,1,1,2,3,0,0
2610,3,3,2,2,21,0,9,0,1,8,2,1,0
2851,1,1,0,0,33,1,5,0,1,8,3,0,1
3452,17,5,4,3,37,0,10,1,1,2,3,0,0
5258,7,1,0,0,46,0,7,0,2,4,4,0,0
9355,8,8,7,7,41,0,4,0,2,7,3,1,1
10496,20,4,3,3,50,0,10,0,3,0,3,1,0
6380,8,6,4,0,40,1,22,2,2,7,3,1,1
2657,3,2,2,2,31,1,9,0,1,6,3,1,0
2716,1,1,0,0,21,0,12,0,1,8,3,0,1
2201,6,3,2,2,29,0,23,0,1,6,3,1,0
6540,10,1,1,0,35,0,9,0,2,0,3,1,0
3816,5,5,2,4,27,0,1,1,1,2,3,1,0
5253,7,7,5,7,28,0,9,0,2,7,3,1,0
10965,26,5,2,0,49,0,7,0,3,0,3,1,0
4936,18,7,7,7,51,0,14,1,2,7,2,0,0
2543,6,2,2,2,36,0,2,1,1,6,3,0,0
5304,9,5,2,4,34,1,19,0,2,7,2,1,1
16659,30,5,4,2,55,1,2,0,4,3,3,0,0
4260,5,5,2,3,24,1,10,1,2,7,4,0,0
2476,1,1,0,0,30,0,2,1,1,8,3,1,0
3102,7,6,4,4,26,0,3,0,1,6,3,1,1
2244,2,2,1,2,22,0,11,1,1,6,3,0,0
7596,10,10,9,0,36,0,2,2,3,7,3,1,0
2285,3,1,0,0,30,1,4,0,1,6,3,1,1
3034,18,18,7,17,37,0,14,1,1,2,2,0,0
5715,8,5,4,3,40,0,2,2,2,7,3,0,0
2576,8,5,2,2,42,0,1,1,1,2,3,0,0
4197,18,1,0,1,37,1,10,0,2,4,2,1,0
14336,25,25,10,9,43,0,12,1,4,5,3,1,0
3448,20,1,0,0,40,0,2,1,2,2,3,0,0
19406,24,4,2,2,54,0,5,1,5,5,2,1,0
6538,6,3,2,2,34,0,4,1,2,7,3,0,0
4306,13,13,10,12,31,0,7,1,2,4,1,0,0
2258,8,3,2,2,43,0,21,1,1,2,3,1,0
4522,8,5,2,2,43,1,8,0,2,0,3,0,0
4487,5,5,4,3,25,1,4,0,2,7,3,0,0
4449,15,13,11,7,37,1,25,2,2,6,3,0,0
2218,4,4,2,2,31,0,1,1,1,2,3,1,0
19197,21,21,8,6,39,1,1,1,5,3,3,1,0
13212,36,7,7,7,56,0,6,3,4,7,2,0,0
6577,6,5,4,4,30,0,12,0,2,7,3,0,0
8392,10,10,7,7,41,0,1,1,3,7,3,1,0
4558,10,10,0,8,28,0,17,1,2,2,3,1,0
4031,6,2,2,2,25,0,3,1,1,2,3,1,1
7969,28,5,4,4,52,1,3,0,3,4,3,1,0
2654,8,2,2,2,45,0,10,2,1,6,2,1,0
16555,31,5,2,4,52,0,4,0,4,3,1,0,0
4556,19,5,4,2,42,0,29,1,2,6,3,0,0
6091,11,5,4,2,30,0,2,0,2,4,3,0,0
19566,33,29,8,10,60,0,7,0,5,3,1,0,0
4810,19,10,7,8,46,0,18,1,2,4,2,0,0
4523,7,6,5,4,42,0,28,3,2,0,4,0,0
3202,6,5,3,4,24,1,1,0,1,8,3,0,1
2351,3,2,2,0,34,0,6,1,1,8,2,0,1
1702,1,1,0,0,38,1,2,1,1,2,3,1,0
18041,21,20,15,12,40,0,2,0,5,3,3,0,0
2886,3,3,2,2,26,0,23,2,1,6,1,0,0
2097,9,5,3,4,30,0,3,1,1,2,1,1,0
11935,10,10,2,7,29,0,3,0,3,5,3,1,0
2546,6,2,2,1,29,0,25,0,1,6,4,0,1
2564,1,1,0,0,19,0,2,0,1,1,4,1,1
8412,10,9,8,8,30,0,22,0,3,7,3,0,0
14118,32,1,0,0,57,0,29,1,4,3,2,1,0
17046,28,27,10,7,50,0,29,1,4,3,3,1,0
2564,12,11,7,7,30,0,2,0,1,2,2,0,0
10266,22,18,13,11,60,0,28,0,3,7,4,0,0
5070,20,5,0,4,47,0,2,3,2,4,3,0,0
17861,26,3,2,1,46,0,2,0,4,5,1,1,0
4230,6,5,4,3,35,0,22,0,1,2,3,1,0
3780,19,1,0,0,54,0,8,0,2,2,3,0,0
2768,14,7,3,7,34,0,2,1,1,6,3,1,0
9071,15,3,2,2,46,1,10,1,3,7,3,0,0
10648,13,13,8,8,31,0,9,1,3,4,4,1,0
13610,15,7,6,7,33,1,15,0,3,3,4,1,1
3408,8,4,3,3,33,0,10,3,1,2,3,1,1
2983,4,3,2,2,30,0,7,0,1,8,3,1,0
7632,10,8,7,0,35,1,16,0,3,0,3,1,0
9824,12,1,0,0,31,0,20,0,3,0,3,1,1
9950,11,3,2,2,34,1,23,3,3,1,3,0,1
2093,8,2,2,0,42,0,5,1,1,2,3,1,0
9980,10,10,3,7,36,0,10,0,3,7,2,1,0
3894,4,2,2,2,22,0,4,0,1,2,3,1,1
4051,14,9,7,7,48,0,2,1,2,7,3,0,0
16835,37,10,9,7,55,0,18,0,4,3,3,0,0
6230,16,14,3,10,41,0,10,0,2,7,3,1,0
4717,15,11,9,9,35,0,1,0,2,7,3,1,0
13237,22,20,6,13,40,0,6,0,4,4,3,0,0
3755,8,8,3,7,39,0,8,1,1,2,3,0,0
6582,10,6,5,5,31,1,2,0,2,7,4,1,0
7406,10,10,9,8,42,1,24,1,3,4,2,1,0
4805,9,8,7,7,45,0,2,1,2,7,4,1,0
2741,8,7,7,0,26,1,17,1,1,1,2,0,1
4262,8,3,2,2,29,0,19,2,2,4,4,1,0
16184,10,6,1,5,33,0,1,1,4,5,3,0,0
11557,10,5,4,1,31,0,7,1,3,3,2,1,0
1878,0,0,0,0,18,1,5,0,1,8,3,1,1
10932,20,1,0,1,40,0,28,1,3,7,3,1,0
6811,10,8,7,7,41,1,2,0,2,0,3,0,0
4306,8,0,0,0,26,0,29,2,2,7,3,1,0
4859,5,5,4,3,35,0,1,0,2,7,3,0,0
5337,10,10,7,7,34,0,21,0,2,7,3,1,0
2340,1,1,0,0,26,1,24,0,1,2,1,1,1
7491,12,6,5,2,37,0,1,0,3,4,4,0,0
10527,28,2,2,2,46,0,18,0,3,0,2,0,0
16595,22,18,16,8,41,0,2,1,4,3,3,0,0
8834,9,9,5,7,37,0,9,1,3,7,3,1,0
5577,18,10,9,9,52,1,6,2,2,6,3,1,0
4707,6,4,2,2,32,0,11,0,2,7,3,1,1
2400,3,2,2,1,24,0,24,2,1,8,3,1,0
9824,18,1,0,0,38,0,10,1,2,0,3,0,0
6447,8,6,5,3,37,0,1,1,2,4,2,0,0
19502,31,31,9,9,49,1,18,1,5,5,3,1,0
2725,6,6,5,4,24,1,23,2,1,6,3,1,0
6272,6,5,3,4,26,0,28,2,2,7,4,1,0
2127,1,1,0,0,24,0,17,1,1,2,3,1,0
18200,32,32,5,7,50,0,3,1,5,3,3,1,0
2096,7,7,4,6,25,0,13,0,1,8,3,1,0
2886,6,6,3,2,24,1,7,1,1,2,3,0,1
2033,1,1,0,0,30,0,12,1,1,8,4,1,1
3622,6,6,5,3,34,1,1,1,1,6,3,1,0
4233,9,3,1,2,31,0,13,0,2,7,1,1,1
3681,9,3,2,2,35,0,25,0,2,2,3,1,0
5460,13,7,7,7,31,0,6,2,2,7,4,1,0
2187,6,5,3,3,27,0,6,2,1,6,2,0,0
9602,17,3,0,0,37,1,2,1,2,7,2,1,0
2836,1,1,0,0,20,0,1,0,1,6,4,0,0
4089,10,10,2,2,42,0,2,2,2,0,3,0,0
16627,21,1,0,0,43,1,6,1,4,5,2,1,0
2619,8,0,0,0,38,0,1,0,1,6,2,0,0
5679,10,8,7,7,43,1,9,1,2,2,3,1,0
15402,21,3,2,2,48,0,1,1,4,3,1,0,0
5985,10,2,2,2,44,0,1,0,2,1,4,0,0
2579,8,8,2,6,34,1,14,2,1,8,3,0,0
3041,5,4,3,2,27,0,2,1,1,8,3,1,1
3447,3,3,2,2,21,0,22,0,1,8,3,1,0
19513,26,2,2,1,44,1,3,1,5,3,4,1,0
2773,3,2,2,2,22,0,6,0,1,6,3,1,0
7104,6,5,0,2,33,0,8,0,2,7,3,1,0
6322,6,6,4,5,32,1,9,1,2,6,2,0,0
2083,1,1,0,0,30,0,3,1,1,6,3,0,0
8381,18,14,7,10,53,0,1,0,2,7,4,0,0
2691,10,10,9,8,34,0,1,1,1,6,2,1,0
4286,5,1,1,0,45,0,26,2,2,7,3,0,1
2659,3,3,2,2,26,1,6,1,1,2,3,0,0
9434,10,10,7,8,37,0,3,1,3,4,3,1,0
5561,6,6,0,2,29,0,3,1,2,7,2,0,0
6646,17,17,11,8,35,0,6,0,2,6,3,1,0
7725,15,13,11,7,33,0,6,1,2,0,1,1,0
10725,16,9,7,1,54,0,19,1,3,1,4,1,0
8847,13,3,2,2,36,1,9,1,2,4,3,1,0
2045,5,4,2,1,27,0,3,0,1,6,3,1,0
1009,1,1,0,1,20,1,10,0,1,6,3,1,1
3348,10,10,8,7,33,1,3,0,1,6,3,1,1
1281,1,1,0,0,35,0,3,2,1,2,3,1,0
2819,5,3,2,2,23,0,4,1,1,6,4,1,0
4851,4,3,2,2,25,0,8,1,2,7,3,1,0
4028,8,7,7,5,38,0,7,0,2,7,3,0,0
2720,10,10,7,8,29,0,1,1,1,6,3,1,0
8120,12,2,2,2,48,0,2,0,2,7,3,1,0
4647,6,6,5,4,27,1,3,2,2,7,3,0,0
4680,4,1,0,0,37,0,10,0,1,6,3,1,0
3221,20,20,8,8,50,1,28,3,1,2,3,1,0
8621,9,8,7,7,34,0,9,0,3,0,4,0,0
4577,4,2,2,0,24,0,3,0,2,7,3,0,1
4553,20,20,7,10,39,0,2,0,2,0,3,0,0
5396,10,10,7,8,32,0,10,0,2,7,2,1,0
6796,18,4,3,3,50,1,8,1,2,7,3,1,1
7625,10,9,7,8,38,0,1,0,2,0,2,0,0
7412,9,9,7,7,27,0,1,0,3,4,3,0,0
11159,10,7,7,7,32,0,3,0,3,5,3,0,0
4960,20,7,7,7,47,0,14,0,2,7,3,1,0
10475,20,18,13,12,40,1,5,1,3,7,3,1,0
14814,32,5,1,3,53,0,7,0,4,5,3,1,0
19141,23,21,6,6,41,0,10,3,5,3,2,1,0
5405,10,2,2,2,60,0,16,0,2,7,3,1,0
8793,9,9,7,7,27,0,10,2,3,4,2,1,0
19189,22,22,7,10,41,0,1,1,5,3,3,1,0
3875,4,2,2,2,50,0,8,1,1,8,3,1,0
2216,10,7,7,7,28,1,1,0,1,6,3,0,1
11713,10,8,7,5,36,0,8,1,3,5,3,0,0
7861,10,1,0,0,38,1,1,0,3,4,4,0,0
3708,9,5,2,4,44,0,24,0,1,2,3,1,0
13770,28,22,2,13,47,1,3,2,4,7,2,0,0
5304,10,8,7,7,30,0,27,1,2,7,2,1,0
2642,1,1,0,0,29,0,10,0,1,8,3,1,0
2759,7,2,2,2,42,1,19,0,1,6,3,1,1
6804,7,2,2,2,43,0,15,1,2,7,3,1,0
6142,10,5,1,3,34,0,8,0,2,0,3,0,0
2500,5,4,3,2,23,0,9,1,1,2,4,1,0
6389,12,8,3,6,39,0,3,1,2,1,1,0,0
11103,30,10,7,1,56,0,9,0,4,0,2,1,0
2342,5,4,2,3,40,1,2,0,1,6,2,0,0
6811,9,7,6,7,27,0,7,0,2,0,1,0,0
2297,2,2,2,2,29,0,10,2,1,8,3,1,0
2450,19,2,2,2,53,0,6,0,2,2,3,1,0
5093,16,1,0,0,35,0,2,1,2,0,4,0,0
5309,10,10,8,7,32,0,24,2,2,2,3,1,0
3057,6,1,0,1,38,1,2,1,1,6,1,1,0
5121,7,0,0,0,34,0,8,1,2,4,3,0,0
16856,34,34,6,16,52,0,3,0,4,3,4,1,0
2686,10,10,9,8,33,1,1,0,1,6,2,1,1
6180,6,6,5,4,25,0,26,0,2,7,2,0,0
6632,9,8,7,1,45,0,2,0,2,8,3,1,0
3505,2,2,2,2,23,0,10,0,1,6,3,1,0
6397,8,5,4,3,47,1,27,0,2,7,3,0,1
6274,6,6,5,4,34,0,2,0,2,7,3,1,0
19859,24,5,2,4,55,1,2,1,5,3,3,1,1
7587,10,10,7,9,36,0,8,0,3,7,3,1,0
4258,5,4,3,2,52,0,19,1,1,6,3,1,0
4364,5,2,2,0,26,0,1,1,1,2,3,0,0
4335,11,8,7,1,29,0,27,1,2,0,2,0,0
5326,6,4,3,2,26,0,8,0,2,7,2,1,1
3280,10,4,2,3,34,0,1,0,1,6,3,0,0
5485,9,5,3,4,54,1,19,2,2,4,3,0,0
4342,5,4,2,1,27,0,8,1,2,7,3,1,0
2782,6,5,3,3,37,1,10,2,1,6,2,0,0
5980,17,15,7,12,38,1,2,0,2,4,3,0,0
4381,6,6,5,3,34,0,2,0,1,6,3,0,0
2572,3,3,2,2,35,0,8,1,1,8,2,0,0
3833,7,2,2,2,30,0,1,2,1,2,3,1,0
4244,8,8,7,7,40,0,2,1,2,0,3,0,0
6500,6,3,2,2,34,0,8,1,2,7,3,0,0
18430,24,24,7,9,42,0,8,1,5,3,2,1,0
1601,1,0,0,0,23,1,6,2,1,2,3,1,1
2694,1,1,0,0,24,0,9,3,1,2,3,1,0
3149,9,5,2,4,52,0,11,1,2,2,3,0,0
17639,30,4,3,3,50,0,2,0,4,5,3,1,0
2319,1,1,0,0,29,1,1,1,1,2,3,0,1
11691,14,13,9,7,33,0,7,0,3,5,4,1,0
5324,6,3,2,2,33,0,16,0,2,7,3,0,1
16752,26,26,14,0,47,1,2,1,4,3,2,0,0
5228,10,9,7,5,36,0,1,1,2,4,3,0,0
2700,10,10,7,7,29,0,23,1,1,6,3,1,0
19246,40,31,15,8,58,1,2,0,5,5,3,1,1
2506,7,2,2,2,35,0,1,0,1,6,3,0,0
6062,8,4,3,2,42,1,1,1,2,4,3,0,0
4382,5,2,2,1,28,0,2,0,1,6,2,1,1
2143,8,5,2,4,36,0,13,1,1,1,3,1,0
6162,14,14,13,8,32,0,4,1,2,4,3,0,0
5094,10,1,0,0,40,0,16,0,2,2,3,1,0
6877,12,0,0,0,30,1,2,0,2,4,2,0,0
2274,1,1,0,0,45,0,2,0,1,6,3,0,0
4434,10,9,8,8,42,0,29,1,2,4,2,1,0
6288,13,4,3,2,38,0,12,1,2,0,2,1,0
2553,6,5,2,3,34,0,16,0,1,6,3,0,0
7654,9,9,8,7,49,0,11,2,3,7,4,0,1
5160,12,9,7,3,55,0,2,0,2,7,2,1,1
17159,22,4,1,0,43,0,14,1,4,5,3,1,0
12808,9,9,8,8,27,1,5,1,3,5,3,1,0
10221,17,8,5,6,35,0,7,0,3,4,4,1,0
4779,8,8,7,5,28,1,2,0,2,7,3,0,0
3737,4,3,2,2,34,0,3,1,1,1,1,1,0
2366,8,8,7,7,26,1,5,1,1,6,3,0,1
1706,0,0,0,0,27,0,3,3,1,6,2,1,0
16307,29,20,6,17,51,0,26,1,4,3,2,0,0
5933,10,5,2,3,44,0,4,0,2,0,2,1,0
3424,6,4,3,1,25,0,2,0,1,6,2,1,0
4037,9,9,8,8,33,0,1,1,2,7,3,1,0
2559,6,6,5,1,35,0,27,0,1,6,2,0,0
6201,18,18,14,11,36,1,1,1,2,7,2,1,0
4403,8,5,2,3,32,0,13,1,2,7,2,1,0
3761,10,5,4,3,30,0,5,1,1,6,2,1,0
10934,35,5,2,4,53,1,7,1,3,7,3,0,0
10761,18,5,4,2,45,1,9,1,3,7,3,1,0
5175,9,5,3,3,32,0,8,1,2,6,2,0,0
13826,31,9,8,0,52,0,25,0,4,4,3,0,0
6334,9,1,0,0,37,0,16,2,2,7,3,1,0
4936,6,5,1,4,28,0,8,1,1,1,3,1,0
4775,4,2,2,2,22,0,1,2,2,4,1,1,0
2818,10,3,2,2,44,1,8,1,1,2,2,1,0
2515,8,2,1,2,42,1,2,0,1,6,3,1,0
2342,6,5,4,3,36,0,8,0,1,1,3,1,0
4194,5,5,3,3,25,1,3,0,2,7,3,1,0
10685,17,17,14,15,35,1,9,1,3,4,3,0,0
2022,10,10,2,8,35,1,25,1,1,6,2,0,1
2314,4,3,0,2,32,0,1,1,1,2,3,1,0
4256,5,5,2,3,25,0,4,0,2,7,4,1,0
3580,7,4,2,2,49,0,1,1,1,6,3,0,0
3162,6,5,2,4,24,0,4,0,1,2,2,1,0
6524,10,10,8,3,32,0,5,1,2,7,3,1,0
2899,3,2,2,2,38,0,9,1,1,8,3,1,0
5231,17,5,3,3,42,1,3,1,2,2,2,0,0
2356,8,6,4,2,31,1,11,1,1,6,3,1,0
2800,5,3,2,2,29,1,1,3,1,8,3,0,1
11836,28,2,0,2,53,0,8,1,4,7,3,1,0
10903,16,13,10,8,35,0,25,0,3,4,3,1,0
2973,10,5,4,0,37,0,21,1,1,8,3,0,0
14275,33,12,9,8,53,0,23,0,4,5,3,0,0
5562,12,5,2,2,43,0,1,1,2,0,2,0,0
4537,8,7,6,7,47,1,2,1,2,7,3,0,0
7642,10,10,0,9,37,1,19,0,3,7,3,1,0
17924,31,31,6,7,50,0,2,1,4,3,3,1,0
5204,13,5,4,4,39,0,2,2,2,1,3,0,0
2277,7,4,3,3,33,1,3,1,1,1,4,1,0
2795,1,1,0,1,32,1,25,0,1,2,1,1,1
2532,8,4,3,3,29,0,7,3,1,2,3,0,0
2559,8,8,7,1,44,1,9,0,1,6,3,1,0
4908,4,4,2,2,28,0,5,0,2,7,3,1,0
2380,3,1,0,0,58,1,2,1,1,2,2,1,1
4765,4,1,0,0,43,0,8,1,2,4,4,0,0
2044,2,2,2,2,20,0,2,0,1,8,2,0,1
2693,1,1,0,0,21,0,18,0,1,6,2,0,1
6586,17,16,8,11,36,1,14,1,2,0,2,1,0
3294,3,3,2,2,47,1,2,0,1,8,2,0,0
4171,4,3,2,2,22,1,3,1,2,4,4,0,1
2778,10,7,7,0,41,1,2,1,1,2,2,0,1
2377,6,2,2,2,28,0,9,1,1,6,3,0,0
2404,8,2,2,2,39,1,6,0,1,2,1,1,1
2318,1,1,1,0,27,0,4,0,1,6,3,0,0
2008,1,1,0,0,34,0,10,2,1,2,3,1,0
6244,10,5,4,3,42,0,14,0,2,7,3,0,0
2799,6,3,2,2,33,1,1,0,1,6,3,1,0
10552,24,6,0,4,58,1,5,1,3,0,3,0,0
2329,13,7,7,2,31,0,7,0,1,8,4,1,0
4014,10,10,6,7,35,1,21,1,2,0,1,0,0
7403,29,26,9,7,49,0,8,1,3,2,2,0,0
2259,13,0,0,0,48,0,20,2,1,6,2,1,0
6932,9,9,8,0,31,0,20,1,2,7,2,0,0
4678,8,6,2,1,36,0,7,0,1,6,3,1,0
13582,15,15,12,11,38,0,1,1,3,5,3,0,0
2332,5,3,0,2,32,0,1,0,1,2,3,0,0
2413,1,1,0,0,25,1,19,3,1,8,3,1,1
9705,11,1,0,0,40,0,10,1,3,7,2,1,0
4294,7,7,7,7,26,0,1,0,2,7,3,1,0
4721,20,18,13,17,41,1,6,0,1,2,3,1,0
2519,16,11,8,9,36,0,2,0,1,2,3,1,0
2121,1,1,0,0,19,1,21,0,1,8,4,1,1
2973,1,1,0,0,20,0,4,0,1,2,3,1,1
5855,10,9,7,5,31,1,12,2,2,0,1,0,0
3617,3,1,1,0,40,1,9,1,1,6,3,1,0
6725,8,8,7,3,32,0,3,1,2,4,4,0,0
10325,16,16,7,7,36,1,3,1,3,7,3,1,1
6949,6,5,0,4,33,0,1,0,2,0,3,0,0
10609,17,14,1,7,37,0,1,0,3,7,1,1,1
4447,9,9,7,8,45,0,4,0,2,2,2,1,0
2157,3,3,1,2,29,0,20,1,1,8,3,0,0
4601,5,5,2,0,35,0,18,0,2,7,3,0,0
17099,26,9,8,8,52,0,1,1,4,3,2,1,0
2479,7,1,0,0,58,0,2,0,1,6,3,1,1
14852,22,17,13,2,53,0,2,1,4,3,4,1,0
7264,10,8,4,7,30,0,8,1,3,7,4,1,0
5666,6,5,3,3,38,1,10,0,2,7,3,0,0
7823,12,10,9,8,35,0,3,1,3,7,3,1,0
7880,9,8,7,7,39,0,2,0,3,7,3,1,0
13194,22,1,0,0,40,1,24,0,4,7,2,0,1
5067,20,19,10,7,47,1,16,0,2,4,4,1,0
5079,12,7,7,7,36,0,8,2,2,7,3,1,0
2321,4,3,2,2,31,1,9,0,1,6,3,1,1
17444,10,10,8,0,33,0,17,0,4,3,3,1,0
2404,3,0,0,0,29,1,10,0,1,6,3,0,1
3452,5,3,2,2,33,0,13,0,1,6,3,0,0
2270,8,5,3,2,45,0,1,2,1,2,3,0,0
17399,32,5,4,3,50,0,1,1,4,5,2,1,0
5488,6,6,5,2,33,1,1,1,2,0,3,0,0
19419,21,18,16,11,41,0,9,1,5,5,4,1,0
2811,4,2,2,2,27,0,16,1,1,2,3,0,0
3633,9,9,8,8,45,1,23,1,2,2,3,1,0
4163,9,9,0,7,47,1,4,0,2,7,3,0,0
2132,7,5,2,1,30,1,22,0,1,6,3,0,1
13973,22,12,11,5,50,1,24,1,4,4,3,1,0
2684,3,2,1,2,38,0,10,1,1,6,2,1,0
10845,13,8,7,7,46,0,7,1,3,4,3,1,0
4377,5,4,2,2,24,0,17,2,2,4,3,0,0
3743,5,4,2,2,35,1,14,1,1,2,1,1,1
4148,4,4,3,3,31,0,1,1,2,4,3,0,0
1051,0,0,0,0,18,0,5,0,1,6,3,1,0
10739,22,10,7,8,54,0,17,1,3,4,3,0,0
10388,16,16,10,1,35,1,25,1,3,0,2,0,0
11416,9,8,7,7,30,1,8,3,3,5,2,0,0
2600,1,1,0,0,20,1,11,0,1,6,3,0,1
2422,4,3,2,2,30,0,5,0,1,2,3,0,1
5472,8,8,7,3,26,0,2,0,2,4,3,1,0
2451,4,4,3,1,22,0,8,1,1,2,2,1,0
4240,19,2,2,2,48,0,6,0,2,0,3,1,0
10999,27,15,11,8,48,0,4,0,3,0,3,1,0
5003,8,2,2,1,41,0,7,0,2,4,3,0,0
12742,21,21,6,8,39,0,1,1,4,4,3,0,0
4227,4,3,2,2,27,0,2,1,2,4,3,0,0
3917,3,3,2,2,35,0,10,1,1,2,2,1,0
18303,21,1,0,0,42,0,5,0,5,3,4,1,0
2380,8,1,0,0,50,0,9,0,1,2,3,1,0
13726,30,5,3,3,59,1,2,0,4,4,3,0,0
4777,15,1,0,0,37,0,11,0,2,0,1,0,1
6385,17,8,7,7,55,1,18,2,2,0,3,1,0
19973,21,21,16,10,41,0,7,2,5,5,3,0,0
6861,19,1,0,0,38,1,3,0,2,7,3,1,0
4969,7,2,2,2,26,0,29,0,2,7,3,1,1
19845,33,32,14,9,52,0,2,1,5,3,3,0,1
13320,23,12,11,11,44,1,28,1,4,7,3,0,0
6347,19,18,7,13,50,0,1,1,2,7,3,0,0
2743,18,17,13,14,36,0,16,0,1,2,3,0,1
10880,21,21,6,8,39,1,22,0,3,4,3,0,0
2342,3,2,2,2,33,0,8,0,1,8,2,0,0
17650,26,9,3,1,45,0,11,1,4,3,4,0,0
4025,10,8,7,7,32,0,29,0,1,2,3,0,0
9725,16,15,1,9,34,0,1,1,2,7,2,1,0
11904,14,6,4,4,59,1,1,1,3,3,1,1,0
2177,6,6,3,4,45,0,24,0,1,1,3,1,0
7525,30,15,7,12,53,0,2,1,3,7,3,0,0
4834,9,1,0,0,36,0,15,1,2,2,2,1,1
2042,6,3,2,2,26,1,2,1,1,6,3,1,1
2220,1,1,1,0,34,1,10,1,1,8,3,0,0
1052,1,1,0,0,28,0,10,0,1,8,3,1,0
2821,8,2,2,2,38,0,3,1,1,6,3,1,0
19237,29,8,1,7,50,1,2,1,5,5,2,1,0
4107,8,4,3,1,37,0,3,0,2,0,2,0,0
8396,8,7,7,5,40,0,26,1,2,7,2,1,0
2007,5,5,3,3,26,0,1,2,1,6,3,0,0
19627,23,2,2,2,46,0,1,2,5,5,3,1,0
10686,13,9,4,0,54,0,2,1,3,7,3,0,0
2942,18,5,4,3,56,0,9,1,1,6,3,0,0
8858,15,14,8,8,36,0,12,0,3,4,2,0,0
16756,31,9,7,2,55,0,2,0,4,3,4,1,0
10798,18,1,0,0,43,0,25,1,3,7,3,1,0
2323,2,2,2,2,20,1,9,0,1,8,3,0,1
1416,1,1,0,0,21,0,10,0,1,2,2,0,1
4615,19,16,13,7,46,1,8,3,2,6,3,0,0
2461,18,10,0,7,51,1,4,3,1,6,4,1,1
8722,10,10,7,9,28,0,24,0,3,0,2,1,1
3955,6,5,3,3,26,0,1,2,1,2,3,1,0
9957,7,6,2,2,30,0,20,1,2,4,2,1,0
3376,10,10,6,8,41,0,7,0,1,6,3,0,0
8823,20,19,9,9,38,0,17,1,3,0,2,0,0
10322,14,11,10,1,40,0,20,1,3,0,3,1,0
4621,3,3,2,2,27,0,8,3,1,2,3,1,0
10976,23,3,2,2,55,0,2,1,3,4,3,1,0
3660,10,8,7,7,28,0,10,0,2,6,4,0,0
10482,24,20,6,6,44,0,1,1,3,1,3,1,1
7119,9,3,2,2,33,0,5,1,3,0,3,1,0
9582,9,8,7,7,35,1,4,0,3,7,3,1,1
4508,14,13,7,8,33,0,29,0,2,6,3,0,1
2207,4,4,2,2,28,0,15,1,1,2,2,1,0
7756,7,6,2,4,34,0,3,0,2,0,2,1,0
6694,8,1,0,0,37,1,10,3,2,7,3,0,0
3691,7,7,7,6,25,1,4,1,1,2,4,1,1
2377,1,1,1,0,26,0,21,1,1,2,2,1,1
2313,5,2,2,2,33,1,25,0,1,6,3,1,1
17665,23,22,6,7,42,0,2,1,4,3,3,1,0
2596,1,1,0,0,28,0,1,2,1,2,3,1,1
4728,5,0,0,0,50,1,1,0,2,7,3,1,1
4302,4,3,2,2,33,0,7,1,2,7,3,0,0
2979,6,0,0,0,34,0,3,3,1,6,3,1,0
16885,27,5,4,1,48,0,1,0,4,3,2,1,0
5593,15,15,10,12,45,0,9,1,2,7,3,0,0
10445,18,8,6,0,52,0,7,0,3,0,3,1,0
8740,9,8,7,7,38,1,10,2,3,7,3,1,0
2514,11,7,5,7,29,0,28,1,1,6,3,0,0
7655,10,9,7,7,28,0,3,3,3,4,2,0,0
17465,23,12,9,9,46,0,3,1,4,3,3,1,0
7351,10,1,0,0,38,0,2,0,3,7,3,1,0
10820,18,8,7,1,43,0,27,1,3,4,3,0,0
12169,21,18,7,5,39,0,2,3,4,0,3,1,1
19626,21,20,7,9,40,0,14,0,5,5,4,1,0
2070,2,2,2,2,21,1,1,0,1,6,4,0,0
6782,9,5,4,3,39,0,9,0,2,2,2,1,0
7779,18,11,9,9,36,0,18,0,2,4,3,1,0
2791,3,2,2,2,31,0,20,1,1,8,3,1,0
3201,6,5,3,4,28,0,2,0,1,6,1,1,0
4968,5,5,2,2,35,0,11,1,2,7,3,1,0
13120,22,9,8,3,49,0,8,1,4,7,3,1,0
4033,5,3,2,2,34,0,2,0,2,4,2,1,0
3291,8,7,5,1,29,0,10,2,1,6,2,0,0
4272,16,1,0,0,42,0,29,0,2,2,3,1,0
5056,10,10,7,2,29,1,8,1,2,4,2,1,0
2844,7,7,6,0,38,0,1,1,1,1,4,1,0
2703,3,3,1,2,28,1,6,1,1,6,3,1,0
1904,0,0,0,0,18,0,8,0,1,2,3,1,1
8224,6,5,2,3,33,1,9,0,2,7,3,0,1
4766,6,1,0,0,41,1,12,1,1,2,3,1,0
2610,2,2,2,2,31,0,15,1,1,2,2,1,1
5731,9,6,2,3,37,0,25,2,2,0,3,0,0
2539,4,4,2,2,27,0,6,1,1,6,3,1,0
5714,6,6,5,3,34,0,9,0,2,7,2,0,0
4323,6,5,4,4,35,0,8,0,1,1,1,1,0
7336,11,11,8,10,29,0,23,1,3,7,1,0,1
13499,20,18,7,13,40,0,9,0,3,5,2,0,0
13758,22,21,9,14,42,1,12,0,4,7,2,1,1
5155,9,6,4,5,42,0,4,0,2,7,4,1,0
2258,10,8,0,7,35,0,1,1,1,2,3,1,0
3597,6,4,3,2,24,0,24,0,1,2,3,1,0
2515,1,1,1,0,28,1,12,0,1,2,2,0,1
4420,8,8,7,7,26,0,3,1,1,2,3,1,0
6578,10,10,3,4,30,0,10,1,2,7,3,1,0
4422,16,1,1,0,40,1,26,1,2,6,1,0,0
10274,15,7,7,4,35,0,2,1,3,4,4,1,0
5343,14,13,9,9,34,0,1,0,2,0,3,1,0
2376,2,2,2,2,35,0,4,1,1,2,4,1,0
5346,7,4,3,3,43,0,9,0,2,7,2,0,1
2827,1,1,0,0,32,0,2,3,1,8,3,0,0
19943,28,5,2,2,56,0,4,1,5,3,3,0,0
3131,10,10,8,8,29,0,6,1,1,2,3,0,0
2552,1,1,1,0,19,0,9,0,1,6,3,1,0
4477,7,3,2,2,45,1,7,1,1,6,2,0,0
6474,14,14,8,11,37,0,1,1,2,4,2,0,0
3033,2,2,2,2,20,0,3,0,1,2,2,1,0
2936,6,6,4,2,44,1,10,0,1,6,3,1,1
18606,26,7,7,7,53,0,7,1,5,3,3,0,0
2168,6,5,4,3,29,1,15,1,1,6,2,0,0
2853,1,0,0,0,22,1,3,1,1,6,3,1,1
17048,28,26,15,9,46,0,2,0,4,3,3,0,0
2290,6,0,0,0,44,0,17,0,1,6,3,1,0
3600,5,5,4,4,33,0,2,1,1,1,3,1,0
2107,5,1,0,0,41,0,5,1,1,6,1,1,1
4115,8,4,3,3,30,0,29,3,2,7,3,1,0
4327,5,0,0,0,40,0,2,3,2,7,3,1,0
17856,32,2,2,2,50,0,2,1,4,3,3,0,0
3196,6,6,5,3,28,0,19,3,1,2,3,1,0
19081,25,4,2,3,46,0,15,1,5,5,3,1,0
8966,15,7,7,7,35,1,17,3,2,7,3,1,0
2210,1,1,0,0,24,0,17,1,1,2,1,0,1
4539,10,10,7,1,33,0,25,1,2,7,2,0,0
2741,7,7,7,7,36,0,6,1,1,2,3,1,0
3491,10,10,7,9,30,0,7,3,2,2,2,1,0
4541,20,20,11,17,44,0,29,0,2,6,3,1,0
2678,2,2,1,2,20,0,21,0,1,8,3,1,0
7379,12,6,3,4,46,0,2,1,2,4,2,1,0
6272,10,4,3,3,42,0,2,1,2,1,4,1,0
5220,12,11,7,9,60,1,7,1,2,7,3,1,0
2743,2,2,2,2,32,0,13,1,1,2,3,0,0
4998,10,8,7,7,32,1,2,0,2,6,3,0,0
10252,17,7,7,7,36,1,1,1,3,4,3,0,0
2781,15,14,10,10,33,0,9,1,1,6,3,1,0
6852,7,5,1,3,40,0,10,1,2,7,4,0,0
4950,5,4,3,1,25,0,10,0,2,7,3,1,0
3579,12,11,9,7,30,1,1,1,1,6,3,1,0
13191,20,1,0,0,42,1,26,0,3,5,3,0,0
10377,16,13,2,12,35,1,8,1,3,7,2,0,0
2235,9,9,7,8,27,1,14,2,1,6,2,1,0
10502,33,5,4,4,54,0,1,1,3,4,1,0,0
2011,10,10,5,7,44,0,2,1,1,6,3,0,0
1859,1,1,1,0,19,1,10,0,1,6,4,0,1
3760,3,3,2,2,29,0,1,3,1,6,3,0,0
17779,36,10,9,9,54,0,3,0,4,5,3,1,0
6833,6,6,5,1,31,1,11,0,2,0,2,1,0
6812,10,10,9,8,31,0,24,0,2,0,3,0,0
5171,13,6,1,5,59,0,3,0,2,7,3,0,0
19740,25,8,7,7,43,0,3,1,5,5,3,1,0
18711,23,1,0,0,49,0,4,1,5,3,4,1,0
3692,12,11,10,7,36,0,3,0,1,6,2,1,0
2559,7,1,0,0,48,0,2,0,1,2,2,1,0
2517,5,5,3,3,27,0,4,3,1,6,3,1,0
6623,6,6,0,0,29,1,7,2,2,0,3,1,0
18265,25,1,0,0,48,0,1,0,5,5,4,1,0
16124,9,7,7,7,29,0,1,2,4,5,2,0,0
2585,2,1,0,0,34,0,20,0,1,6,2,0,0
18213,26,22,9,10,44,0,5,1,5,3,3,1,0
8380,10,9,8,8,33,1,10,2,3,7,3,1,0
2994,1,1,0,1,19,1,25,0,1,6,3,0,0
1223,1,1,0,1,23,0,1,1,1,6,3,1,0
1118,1,1,0,0,25,1,24,0,1,8,3,1,1
2875,8,8,5,2,26,1,4,0,1,6,2,1,0
18824,26,24,10,11,45,1,2,0,5,3,3,0,1
13577,34,33,9,0,55,1,8,1,4,0,3,1,0
2625,2,2,2,2,21,0,10,0,1,2,1,0,1
18789,26,11,4,8,46,0,4,1,5,3,3,0,0
4538,4,3,2,2,34,1,2,0,2,7,3,0,0
19847,31,29,10,10,51,1,9,1,5,3,2,1,0
10512,25,9,7,4,59,0,18,0,3,4,2,1,0
4444,15,11,8,10,34,0,19,2,2,2,4,0,0
2154,5,4,2,2,28,1,1,0,1,2,2,1,0
19190,26,25,9,13,44,0,4,2,5,3,2,1,0
4490,14,10,9,8,34,0,11,2,2,1,4,1,0
3506,4,3,2,2,35,1,6,0,1,6,3,1,0
2372,18,1,0,0,42,1,7,0,2,6,3,0,0
10231,23,21,7,17,43,0,4,0,3,7,4,0,0
5410,18,16,14,12,36,1,2,0,2,4,3,0,0
7978,10,10,7,5,44,0,15,1,3,0,3,0,1
3867,2,2,2,2,28,1,2,1,1,2,3,1,0
2838,8,7,0,7,51,0,6,0,1,2,2,0,0
4695,10,8,4,7,30,1,9,0,2,4,3,0,0
3339,10,7,7,7,29,1,7,2,1,2,3,0,1
2080,5,3,2,2,28,0,1,0,1,6,2,1,0
2096,2,2,2,1,25,0,1,0,1,6,2,0,0
6209,10,10,7,8,32,0,8,2,2,7,4,1,0
18061,22,0,0,0,45,0,25,0,5,3,3,0,0
17123,21,19,9,2,39,1,13,2,4,3,3,0,0
2372,2,2,2,2,58,0,23,2,1,6,3,1,0
4883,10,10,4,1,32,0,7,1,2,2,3,1,1
3904,6,5,2,3,39,0,23,0,1,6,3,1,1
4627,10,9,2,7,30,0,6,1,2,2,3,0,0
7094,10,7,7,7,36,0,10,0,3,0,3,0,0
3423,10,7,6,7,46,0,1,0,1,1,4,0,0
6674,10,9,8,5,28,0,1,3,2,2,3,0,0
16880,25,3,2,2,50,1,28,0,4,5,3,0,0
9094,9,5,4,0,40,1,25,0,3,7,3,1,1
8446,10,8,7,7,52,1,5,0,3,7,2,1,1
11916,9,9,1,8,30,1,17,2,3,3,3,0,0
4534,9,8,7,7,39,0,18,0,2,4,3,1,0
9852,10,10,8,6,31,1,2,1,3,7,2,0,0
6151,19,19,2,9,41,0,10,0,2,7,3,1,0
2302,3,3,2,2,31,1,1,0,1,8,4,0,1
2362,10,3,2,2,44,0,3,0,1,2,4,1,1
17861,21,20,8,10,42,1,2,0,4,3,2,1,0
19187,23,19,9,11,55,0,2,1,5,3,3,0,0
19717,36,7,3,7,56,0,8,0,5,3,3,1,0
3544,6,4,2,0,40,0,16,1,1,6,3,1,0
8500,10,9,7,6,34,0,9,1,3,0,2,1,0
4661,9,9,8,8,40,0,2,0,2,6,3,1,0
4103,10,9,3,7,41,0,1,1,2,7,3,0,0
4249,9,9,6,1,35,1,4,0,2,6,3,1,0
14026,33,33,9,10,51,1,5,1,4,3,3,1,0
6893,11,7,7,7,38,0,2,1,2,7,3,0,0
6125,10,10,8,6,34,0,15,0,2,7,4,0,0
3669,7,3,2,2,25,0,19,3,1,2,2,1,0
10008,31,10,9,9,58,1,7,0,3,4,2,0,1
2387,7,4,2,3,40,0,1,1,1,2,3,1,0
4639,17,15,7,13,36,0,7,1,2,7,2,0,0
7898,11,10,9,8,48,0,4,0,3,4,3,1,0
2534,5,1,0,0,27,0,11,1,1,8,3,0,0
13142,29,5,2,3,51,0,11,0,4,4,2,0,0
1611,0,0,0,0,18,0,1,0,1,2,4,0,0
5363,10,9,7,0,35,0,1,1,2,2,3,0,0
5071,8,6,2,0,27,0,2,0,2,7,3,1,0
13695,24,19,7,8,55,1,13,0,4,7,2,1,1
13402,33,19,16,9,56,1,23,1,4,4,3,1,0
2029,5,5,4,0,34,0,26,3,1,6,3,0,0
6377,15,12,11,8,40,0,2,3,2,0,3,0,0
5429,10,8,7,7,34,0,29,2,2,2,3,1,0
2785,3,1,0,0,31,0,2,0,1,8,4,0,1
4614,5,4,2,2,35,1,18,1,2,7,2,0,1
2610,4,4,2,3,38,0,7,3,1,6,3,1,0
6687,14,14,11,11,34,0,2,0,2,0,4,0,0
4724,5,5,3,4,28,0,26,1,2,7,3,1,0
6179,10,10,2,7,31,1,22,2,2,4,2,1,1
6120,8,5,4,4,39,1,21,2,2,7,4,1,0
10596,14,4,2,2,51,0,2,0,3,7,3,1,0
5467,12,6,2,3,41,1,22,2,2,6,2,0,0
2996,8,6,4,3,37,1,4,0,1,6,3,1,0
9998,8,5,4,2,33,0,5,0,2,7,4,1,0
4078,4,3,2,2,32,1,2,3,2,7,2,1,0
10920,13,6,4,5,39,0,25,1,3,0,3,1,0
6232,6,3,2,2,25,0,18,0,2,7,2,1,0
13247,24,5,3,2,52,1,28,1,4,4,2,0,0
4081,20,20,7,8,43,1,6,0,2,6,1,0,0
5769,6,6,2,4,27,1,10,0,2,7,3,0,0
2394,8,8,2,7,27,1,17,0,1,6,3,0,1
3904,5,4,3,1,26,0,2,0,1,6,3,1,0
16799,21,20,7,9,42,0,10,1,4,3,3,0,0
2950,12,5,4,4,52,0,8,0,1,2,1,0,0
3629,8,3,2,2,37,0,11,0,1,2,3,0,0
9362,10,2,2,2,35,0,18,0,3,4,3,1,0
3229,7,3,2,2,25,0,1,1,1,2,2,1,0
3578,8,7,7,7,26,0,7,0,1,2,3,1,0
7988,10,10,9,9,29,0,17,0,3,1,2,1,0
4284,20,4,3,3,49,0,28,0,2,2,3,1,1
7553,9,8,7,7,29,1,14,0,3,0,3,0,1
17328,29,20,7,7,54,0,1,0,4,5,2,0,0
19701,32,9,8,5,58,1,1,1,5,5,3,0,0
14732,31,7,7,0,55,0,1,2,4,5,4,1,0
9278,15,5,4,1,36,1,3,0,2,7,3,0,0
1359,1,1,0,0,31,0,1,0,1,8,3,0,1
4779,8,3,2,2,30,0,7,2,2,7,3,0,0
16422,9,3,2,0,31,0,8,0,4,5,4,0,0
2996,10,4,3,3,34,0,1,2,1,6,3,1,0
1261,1,1,0,0,31,0,8,0,1,6,4,0,1
2099,6,5,0,4,27,0,11,0,1,2,4,1,0
5810,10,10,4,8,36,0,4,0,2,2,2,1,0
5647,11,3,2,2,36,0,16,2,2,7,2,0,0
3420,17,6,5,2,47,0,1,1,1,6,2,1,0
4400,6,3,2,2,25,0,9,0,1,8,3,1,1
3500,7,6,5,3,37,0,5,0,1,2,1,1,0
2066,5,3,2,0,56,0,1,1,1,6,4,0,0
17169,26,20,17,6,47,0,2,2,4,5,4,0,0
4162,5,5,4,3,24,1,4,2,2,7,3,0,0
9204,7,4,3,3,32,0,7,1,2,7,2,1,0
3294,7,5,4,2,34,0,1,1,1,2,2,0,0
2127,7,4,2,3,41,1,5,0,1,6,2,1,0
3975,11,8,7,7,40,0,9,2,2,2,4,1,0
10793,13,13,7,9,31,0,8,1,3,7,3,1,0
10096,28,7,7,3,46,0,9,1,3,7,4,1,1
3646,11,1,0,0,39,1,2,0,1,2,4,0,1
7446,10,10,8,7,31,0,1,0,3,4,3,0,1
10851,24,7,7,7,45,1,20,1,3,0,3,1,0
2109,8,3,2,2,31,0,8,0,1,1,3,0,0
3722,7,2,2,2,31,1,2,1,1,2,1,1,1
9380,10,3,1,2,45,1,29,2,3,4,4,1,0
5486,15,2,2,2,48,0,7,3,2,7,3,1,0
2742,2,2,2,2,34,0,9,0,1,1,3,0,1
13757,16,9,8,8,40,0,8,1,3,5,3,1,0
8463,6,5,4,3,28,0,5,0,2,7,3,1,0
3162,7,5,2,3,44,0,5,0,1,2,3,1,0
16598,35,9,8,8,53,0,2,0,4,5,2,1,0
6651,20,3,2,2,49,0,5,1,2,0,2,1,0
2345,8,3,1,2,40,0,2,1,1,6,4,1,0
3420,6,5,2,3,44,0,20,0,1,6,2,1,0
4373,5,4,3,3,33,0,7,2,2,7,3,1,0
4759,15,13,9,12,34,0,3,0,2,7,3,1,0
5301,4,2,1,2,30,0,16,2,2,7,2,1,0
3673,12,12,9,8,42,0,9,0,1,2,3,0,0
4768,11,1,0,0,44,0,1,1,2,7,2,0,0
1274,1,1,0,0,30,0,7,2,1,6,2,1,0
4900,13,12,9,8,57,0,1,1,2,6,2,1,0
10466,29,8,7,7,49,0,7,2,3,0,3,1,0
17007,16,14,8,9,34,0,15,2,4,5,2,1,0
2909,5,3,2,2,28,0,1,1,1,8,4,1,1
5765,7,5,3,0,29,0,13,0,2,7,1,0,1
4599,16,15,9,10,34,1,24,0,2,7,4,0,1
2404,1,1,0,0,35,0,7,1,1,8,3,1,0
3172,4,0,0,0,24,1,9,0,1,2,2,1,1
2033,1,1,0,0,24,0,13,1,1,8,3,0,0
10209,16,2,2,2,44,1,2,0,3,4,2,1,0
8620,10,10,7,4,29,0,19,2,2,7,3,1,0
2064,6,5,3,3,30,0,1,1,1,1,4,1,0
4035,4,3,2,2,55,1,4,0,2,0,3,1,0
3838,8,5,4,2,33,0,4,0,1,2,3,0,0
4591,11,5,4,2,47,1,14,1,2,7,2,0,0
2561,8,0,0,0,28,0,2,0,1,2,2,1,1
1563,1,1,0,0,28,0,1,1,1,6,1,1,0
4898,5,4,2,3,28,0,7,0,2,7,3,1,0
4789,10,3,2,2,49,0,3,1,2,2,3,0,0
3180,4,3,2,2,29,0,2,3,1,2,3,0,0
6549,8,8,6,7,28,0,29,2,2,4,2,1,0
6388,14,0,0,0,33,1,8,0,2,0,3,1,0
11244,10,5,2,0,32,0,10,0,3,3,4,1,0
16032,26,14,9,12,54,0,11,1,4,3,3,0,0
2362,11,9,7,7,29,0,1,0,1,6,1,1,1
16328,24,20,6,17,44,0,28,1,4,5,4,1,0
8376,9,2,0,2,39,0,6,0,3,4,3,0,0
16606,23,13,12,1,46,0,3,1,4,3,4,0,0
8606,11,11,8,3,35,0,16,0,3,0,1,0,0
2272,5,4,3,2,23,0,20,0,2,2,3,1,0
2018,15,5,4,0,40,0,9,0,1,2,1,1,1
7083,10,10,9,6,34,1,1,0,3,7,3,1,0
4084,7,7,2,7,31,0,3,0,1,6,1,0,1
14411,32,32,6,9,50,1,22,0,4,5,3,1,0
2308,12,11,10,7,34,1,7,1,1,8,3,1,0
4841,4,1,0,0,42,0,2,1,1,2,3,1,0
4285,10,10,8,7,37,0,13,0,2,6,3,1,0
9715,9,7,7,7,29,0,8,1,2,0,3,0,0
4320,5,5,3,2,33,0,25,0,2,4,3,1,0
2132,8,5,4,3,45,0,28,1,1,6,3,1,0
10124,24,20,8,9,42,1,2,1,3,0,1,1,0
5473,9,8,4,1,40,0,9,0,2,7,4,1,0
5207,15,15,14,7,33,1,28,1,2,2,3,1,0
16437,21,21,7,7,40,1,6,0,4,3,3,1,0
2296,2,1,1,0,24,0,21,3,1,2,3,1,0
4069,8,2,2,2,40,1,8,0,2,0,3,1,0
7441,10,10,8,7,45,0,1,3,3,0,3,1,0
2430,6,5,3,2,35,0,28,2,1,8,3,0,0
5878,12,7,1,5,32,0,5,1,2,6,3,0,0
2644,7,3,2,2,36,1,2,0,1,8,2,1,0
6439,18,8,7,7,48,0,16,1,2,7,3,0,0
2451,5,1,0,0,29,0,9,2,1,6,2,1,0
6392,8,2,2,2,33,0,8,1,2,7,1,1,0
9714,10,10,8,7,30,0,1,1,2,7,3,1,1
6077,10,6,3,2,38,0,10,0,2,1,3,1,0
2450,3,3,0,2,35,0,1,0,1,2,3,1,0
9250,9,4,2,3,30,0,29,1,3,7,3,1,0
2074,1,1,0,0,35,1,2,1,1,2,3,0,1
10169,34,33,7,9,53,0,2,1,3,4,3,0,1
4855,7,5,2,4,38,0,2,2,2,4,3,1,1
4087,9,6,5,2,32,0,1,1,2,6,2,1,0
2367,10,8,2,6,48,0,15,1,1,6,2,0,0
2972,1,1,0,0,34,0,7,0,1,6,1,1,0
19586,36,36,6,13,55,0,26,1,5,3,3,1,0
5484,9,2,2,1,34,0,1,1,2,6,2,1,0
2061,1,1,0,0,26,0,3,0,1,6,3,0,0
9924,10,9,8,7,38,0,14,1,2,7,3,1,0
4198,8,3,2,2,38,0,16,0,2,7,4,0,0
6815,15,1,0,0,36,0,1,0,2,7,3,0,0
4723,10,10,9,5,29,1,3,0,1,2,3,1,0
6142,10,5,2,4,35,1,10,0,2,0,3,0,0
8237,11,7,6,6,39,0,6,1,3,7,3,1,0
8853,6,6,4,3,29,0,2,1,2,0,4,1,0
19331,27,1,0,0,50,1,9,1,5,3,3,1,0
2073,4,2,2,2,23,0,10,1,1,6,3,1,0
5562,9,3,2,2,36,1,6,1,2,2,3,1,0
19613,24,1,0,1,42,0,9,0,5,3,3,1,0
3407,10,10,9,8,35,0,28,2,2,2,2,1,0
5063,8,8,2,7,34,0,10,1,2,0,2,1,0
4639,5,5,4,2,40,0,14,1,2,7,3,0,0
4876,8,6,4,2,43,0,27,1,1,2,3,1,0
2690,1,1,0,1,35,0,7,1,1,2,2,1,0
17567,27,26,0,12,46,0,1,0,4,3,1,1,0
2408,1,1,1,0,28,1,24,3,1,2,3,1,1
2814,4,4,2,3,22,1,26,0,1,6,2,0,0
11245,32,30,8,13,50,1,20,1,4,0,3,1,0
3312,6,3,2,2,32,0,5,2,1,6,3,0,0
19049,23,22,7,10,44,1,7,1,5,5,2,0,0
2141,6,6,4,1,30,0,7,1,1,6,2,1,0
5769,10,10,7,4,45,1,5,0,2,2,3,0,0
4385,10,10,7,5,45,0,26,1,2,7,3,1,0
5332,10,5,2,3,31,0,2,0,2,7,3,1,0
4663,7,3,2,1,36,1,12,2,2,4,3,0,0
4724,9,9,7,2,34,0,10,1,2,4,3,1,0
3211,10,9,6,4,49,0,25,1,1,2,2,0,0
5377,10,7,7,7,39,0,10,3,2,4,3,1,0
4066,7,7,7,7,27,0,19,2,1,2,3,1,0
5208,16,16,15,10,35,0,18,0,2,6,3,1,0
4877,6,5,3,0,28,0,27,1,2,4,2,0,0
3117,3,2,2,2,21,0,5,0,1,6,3,1,0
1569,0,0,0,0,18,1,3,0,1,8,4,0,1
19658,27,5,2,0,47,0,26,1,5,3,3,0,0
3069,11,10,8,7,39,0,3,1,2,2,3,1,0
10435,18,18,15,12,40,0,15,2,3,4,3,0,0
4148,15,14,11,9,35,0,8,1,2,0,3,0,0
5768,9,4,3,2,37,0,19,3,2,4,2,1,0
5042,10,9,2,8,39,0,4,0,2,4,1,0,0
5770,10,10,7,9,45,0,2,2,2,4,3,0,0
7756,10,5,4,2,38,1,2,1,3,4,4,0,0
10306,15,13,12,0,35,0,10,0,3,7,3,1,1
3936,8,8,4,7,37,0,10,1,1,6,1,0,0
7945,18,4,2,3,40,1,16,0,3,4,2,0,0
5743,14,10,7,2,44,1,1,0,2,1,3,1,0
15202,23,2,2,2,48,0,4,1,4,3,3,1,0
5440,7,2,2,2,35,1,15,2,2,7,2,1,1
3760,6,6,3,3,24,1,2,0,1,6,3,0,0
3517,5,3,2,2,27,0,8,0,1,6,3,0,0
2580,6,4,2,2,27,0,2,0,1,6,2,1,0
2166,10,4,2,3,40,1,7,0,1,2,1,1,1
5869,8,5,2,4,29,0,10,0,2,7,3,1,0
8008,9,3,2,2,36,0,5,2,3,0,3,0,0
5206,7,7,7,7,25,0,2,2,2,4,3,1,0
5295,7,5,4,0,39,0,12,0,2,4,3,1,0
16413,27,4,2,2,49,0,22,2,4,5,3,0,0
13269,19,14,11,11,50,0,17,3,3,5,3,0,0
2783,2,2,2,2,20,0,2,0,1,8,3,0,0
5433,11,11,8,9,34,0,3,1,2,6,3,0,0
2013,15,4,3,3,36,0,7,0,1,2,3,1,0
13966,30,15,11,12,49,1,6,1,4,0,3,0,0
4374,4,3,2,2,36,0,1,0,2,4,3,0,0
6842,13,5,4,4,36,0,3,1,2,0,3,1,0
17426,36,10,8,7,54,0,22,1,4,3,3,0,0
17603,14,14,10,11,43,0,15,1,4,5,3,1,0
4581,13,11,9,7,35,1,12,0,2,7,4,1,1
4735,19,13,11,9,38,0,1,2,2,6,4,1,0
4187,10,10,0,9,29,1,5,1,2,7,2,1,0
5505,6,6,2,4,33,0,2,2,2,7,3,1,0
5470,10,9,5,6,32,0,2,2,2,6,2,1,0
5476,10,10,0,2,31,0,5,2,2,7,3,0,0
2587,17,2,2,2,49,1,16,1,1,2,2,0,0
2440,4,4,3,3,38,0,2,0,1,2,3,0,0
15972,29,3,2,2,47,0,2,3,4,3,3,0,0
15379,23,8,7,0,49,0,1,0,4,3,3,1,0
7082,21,2,0,2,41,1,23,0,3,7,3,1,0
2728,2,2,2,2,20,0,9,0,1,8,3,1,0
5368,7,6,5,2,33,1,16,1,2,7,3,0,0
5347,10,3,2,2,36,0,26,2,2,0,2,1,0
3195,8,2,2,2,44,1,1,3,1,1,3,0,0
3989,5,5,4,2,23,1,8,0,1,2,3,1,1
3306,7,0,0,0,38,0,4,1,1,2,2,0,0
7005,11,4,3,2,53,0,24,0,3,0,3,1,0
2655,19,9,7,7,48,1,7,2,1,8,3,0,1
1393,1,1,0,0,32,0,2,0,1,2,3,1,1
2570,7,7,7,7,26,0,7,0,1,2,3,1,0
3537,8,4,2,2,55,0,22,1,1,6,3,1,0
3986,15,15,10,13,34,0,5,1,2,2,4,1,0
10883,19,1,0,0,60,0,1,1,3,0,4,1,0
2028,14,14,11,13,33,0,21,3,1,2,3,1,0
9525,6,6,3,3,37,0,1,2,2,7,2,1,0
2929,10,10,9,7,34,0,19,0,1,6,3,0,0
2275,3,3,2,2,23,1,7,1,1,8,3,1,1
7879,9,8,7,7,44,1,2,1,3,0,3,0,0
4930,6,5,4,4,35,1,2,0,1,6,4,1,0
7847,10,10,9,8,43,1,2,1,2,7,3,1,0
4401,5,5,3,4,24,0,9,1,1,6,3,1,0
9241,10,10,8,7,41,0,6,0,3,7,3,1,0
2974,9,5,3,2,29,0,9,1,1,2,3,0,0
4502,17,13,7,7,36,0,2,0,2,8,2,0,0
10748,25,23,15,4,45,0,1,1,3,0,2,1,0
1555,1,1,0,0,24,0,22,1,1,1,3,1,1
12936,25,23,5,10,47,0,9,0,4,7,1,1,1
2305,3,3,2,2,26,0,17,3,1,2,4,1,0
16704,21,21,6,6,45,0,28,0,4,5,3,0,0
3433,10,5,2,3,32,0,10,1,1,6,2,1,0
3477,6,5,2,3,31,0,2,1,1,2,4,1,0
6430,10,3,2,2,41,0,4,1,2,1,3,1,0
6516,18,1,0,0,40,1,8,1,2,4,3,0,0
3907,6,6,2,2,24,0,29,3,1,2,4,1,0
5562,19,10,7,9,46,0,13,0,2,0,3,1,0
6883,17,7,7,7,35,0,27,1,2,4,3,1,0
2862,10,10,0,8,30,0,16,1,1,6,2,1,0
4978,4,1,0,0,47,0,2,1,2,7,1,1,0
10368,13,10,6,3,46,1,2,1,3,7,2,1,0
6134,16,2,2,2,36,1,13,3,2,7,3,1,1
6735,10,0,0,0,32,0,1,0,2,7,3,1,1
3295,3,3,2,2,23,0,4,0,1,2,1,0,0
5238,9,5,4,4,31,0,24,0,2,4,2,0,0
6472,9,9,8,8,39,1,1,1,2,2,3,1,0
9610,10,4,3,2,32,0,19,1,3,7,1,1,0
19833,21,21,8,8,40,0,7,0,5,3,2,1,0
9756,9,5,0,3,45,0,4,2,3,1,4,0,0
4968,10,9,7,7,30,0,2,0,1,6,3,0,0
2145,3,2,2,1,24,0,10,1,1,1,3,1,0
2180,6,4,2,2,30,0,8,1,1,1,2,0,1
8346,6,5,2,2,31,0,5,1,2,7,3,1,0
3445,6,6,2,4,27,0,8,0,1,6,2,0,0
2760,2,2,2,2,29,0,9,0,1,8,3,0,1
6294,10,3,2,2,29,1,1,0,2,0,4,1,0
7140,12,7,7,7,30,0,15,1,3,7,3,1,0
2932,6,5,0,2,34,1,2,3,1,6,3,1,0
5147,13,11,7,7,33,0,2,0,2,7,2,0,0
4507,8,5,1,4,49,0,11,0,2,7,4,0,0
8564,11,0,0,0,33,1,16,0,3,7,2,0,1
2468,9,6,1,5,38,0,2,1,1,2,2,0,0
8161,10,1,0,0,31,0,16,3,3,7,3,1,1
2109,1,1,0,0,29,0,4,1,1,6,3,0,0
5294,10,7,0,7,30,0,16,1,2,0,3,1,0
2718,12,7,7,7,32,0,5,0,1,6,3,1,0
5811,15,1,0,0,38,1,18,1,2,0,3,1,0
2437,6,1,0,0,43,1,17,1,1,6,3,1,1
2766,7,5,3,4,42,0,12,3,1,2,2,1,0
19038,34,1,0,0,55,0,2,3,5,5,3,1,0
3055,11,9,8,7,33,0,4,2,2,6,2,1,0
2289,5,5,3,4,41,0,9,2,1,2,3,1,0
4001,15,15,14,7,34,1,10,1,2,7,3,1,0
12965,27,3,2,2,53,1,1,3,4,4,2,0,0
